epoch,step,d_loss,g_loss,elapsed
1,1972,0.185434,0.580119,635.9
2,3944,0.187212,0.408242,1287.6
